Key,Name,SP,Unlock
Abel:_The_Panther,Swordbreaker 3,200,4
Aelfric:_Custodian_Monk,Threat. Def/Res 2,200,4
Alcryst:_Tender_Archer,Def/Res Smoke 3,300,5
Alcryst:_Tender_Groom,Atk/Spd Oath 3,240,4
Alear:_Awoken_Divinity,Atk/Spd Pledge,300,5
Alear:_Dragon_Child,Spd Smoke 4,300,5
Alear:_Dragon_Youth,Green Feud 3,240,4
Alear:_Engaging_Fire,Atk/Spd Pledge,300,5
Alear:_Fell_Dragon_Child,Odd Spd Wave 4,300,5
Alear:_Gifted_Dragons,Even Res Wave D,300,5
Alear:_Red_Days_Past,Higher Ground,300,5
Alear:_Seaside_Dragon,Even Res Wave D,300,5
Alfonse:_Askran_Duo,Def/Res Oath 3,240,4
Alfonse:_Heir_to_Openness,Breath of Life 4,300,5
Alfonse:_Prince_of_Askr,Spur Atk 3,200,5
Alfonse:_Spring_Prince,Def Smoke 3,240,5
Alfonse:_Uplifting_Love,Bold Fighter 3,240,5
Alfred:_Floral_Protector,Cross Spur Atk,300,5
Alm:_Hero_of_Prophecy,Windsweep 3,240,5
Alm:_Imperial_Ascent,Threat. Atk/Spd 3,300,5
Alm:_Lovebird_Duo,Rouse Spd/Res 3,240,4
Alm:_Powerful_Resolve,Lull Echo,—,5
Alm:_Saint-King,Time's Pulse 3,240,4
Altena:_Luminous_Rider,Brash Assault 3,200,5
Altina:_Cross-Time_Duo,Atk/Res Oath 3,240,4
Altina:_Dawn's_Trueblade,Atk/Def Hold,300,5
Altina:_Unrivaled_Dawn,Time's Pulse 4,300,5
Amelia:_Blossoming_Talent,A/S Far Save 3,300,4
Amelia:_Rose_of_the_War,Armor March 3,240,5
Anankos:_Seething_Silence,A/S Near Save 3,300,4
Anna:_Commander,Spur Res 3,200,4
Anna:_Secret_Charmer,C Feud 3,240,4
Anna:_Secret_Seller,Joint Drive Spd,300,5
Anna:_Twice_the_Anna,A/S Rein Snap,300,5
Anna:_Wealth-Wisher,Atk/Spd Gap 3,240,5
Annand:_Knight-Defender,Guard Bearing 3,240,4
Annette:_Festive_Helper,Crafty Fighter 3,240,5
Annette:_Overachiever,Atk/Def Gap 3,240,4
Arden:_Strong_and_Tough,Drive Def 2,240,4
Ares:_Black_Knight,Seal Def/Res 2,200,5
Arete:_Requiem's_Beauty,Res Ploy 3,240,5
Arion:_Gungnir's_Heir,Wyvern Flight 3,240,5
Arlen:_Mage_of_Khadein,Atk/Res Tempo 4,300,5
Arthur:_Furious_Mage,Spd/Res Menace,300,5
Arthur:_Hapless_Hero,Lancebreaker 3,200,5
Artur:_Silver_Saint,D/R Far Save 3,300,5
Arval:_Cycle_Keeper,Atk/Res Oath 4,300,5
Arvis:_Emperor_of_Flame,Def Ploy 3,240,4
Asbel:_Windswept_Youth,Spd/Res Oath 3,240,4
Ash:_Earnest_Greetings,Opening Retainer,300,5
Ash:_Retainer_to_Askr,Open Retainer+,300,5
Ashe:_Budding_Chivalry,Atk/Spd Rein 3,240,5
Ashe:_Chivalric_Amends,Odd Spd Wave 4,300,5
Ashe:_Fabled_Sea_Knight,Joint Hone Spd,300,5
Ashera:_Order_Goddess,Order's Restraint+,300,5
Ashnard:_Mad_King,Even Atk Wave 3,240,4
Askr:_God_of_Openness,Opened Domain,300,5
Askr:_Open_Harvest,Connected World,300,5
Askr:_Renewed_Gods,Opened Domain,300,5
Astram:_Midia's_Hero,Wrath 3,240,5
Astrid:_Resolute_Damsel,Atk/Def Ruse 3,240,4
Athena:_Borderland_Sword,Sword Exp. 3,120,4
Athos:_Omniscient_One,Pulse Up: Ploy,300,5
Atlas:_Forest_Muscle,Threat. Atk/Def 2,200,5
August:_Astute_Tactician,Even Recovery 3,240,4
Aversa:_Dark_One,Odd Res Wave 3,240,4
Ayra:_Astra's_Wielder,Desperation 3,200,4
Ayra:_Supreme_Astra,Brutal Tempest,300,5
Ayra:_Together_in_Tea,Red Feud 3,240,4
Azama:_Carefree_Monk,Threaten Atk 3,200,5
Azelle:_Youthful_Flame,Joint Hone Spd,300,5
Azura:_Celebratory_Spirit,Hone Fliers,200,4
Azura:_Hatari_Duet,Cross Spur Res,300,5
Azura:_Lady_of_Ballads,Drive Res 2,240,5
Azura:_Lady_of_the_Lake,Fortify Res 3,200,4
Azura:_Song's_Reflection,Mercy-Wing Echo,—,5
Azura:_Vallite_Songstress,Atk Tactic 3,240,4
Azura:_Young_Songstress,Torrent Dance 3,200,5
Balthus:_King_of_Grappling,Close Guard 3,240,5
Bantu:_Tiki's_Guardian,Savage Blow 3,200,5
Barst:_The_Hatchet,Spur Atk 3,200,4
Bartre:_Earsome_Warrior,Odd Atk Wave 3,240,4
Bartre:_Fearless_Warrior,Brash Assault 3,200,4
Basilio:_Feroxi_West-Khan,Atk Tactic 3,240,4
Bastian:_Crimea's_Keystone,Atk Ploy 3,240,4
Benny:_Sensitive_Soul,Wary Fighter 3,240,4
Berkut:_Debonair_Noble,Distant Guard 3,240,4
Berkut:_Prideful_Prince,Ward Cavalry,200,4
Berkut:_Purgatorial_Prince,Odd Res Wave 3,240,4
Bernadetta:_Eternal_Loner,Close Guard 3,240,4
Bernadetta:_Frosty_Shut-In,Rouse Atk/Spd 3,240,4
Bernadetta:_Late_Hibernator,Def/Res Smoke 3,300,5
Bernadetta:_Sheltered_Loner,Paranoia,300,5
Bertram:_Dread_Cavalier,Rouse Atk/Def 3,240,4
Beruka:_Quiet_Assassin,Lunge,150,3
Black_Knight:_Sinister_General,Wings of Mercy 3,240,4
Black_Knight:_The_Night's_Blade,D/R Far Save 3,300,4
Boey:_Skillful_Survivor,Renewal 3,240,5
Bors:_Ostia's_Bastion,Vengeful Fighter 3,240,5
Boyd:_Future_Great,Infantry Pulse 3,240,5
Fiora:_Airborne_Warrior,Pegasus Flight 3,240,5
Zelgius:_Jet-Black_General,Panic Ploy 3,240,4
Say'ri:_Chon'sin's_Blade,Close Call 3,240,5
Elincia:_Lost_Princess,Flier Formation 3,240,5
Canas:_Wisdom_Seeker,Res Tactic 3,240,4
Eliwood:_Blazing_Knight,Vision of Arcadia II,300,5
Brady:_Daunting_Priest,Infantry Rush 3,240,5
Bramimond:_The_Enigma,Impenetrable Void,300,5
Brigand_Boss:_Known_Criminal,Atk Smoke 3,240,4
Brigid:_Awakened_Bow,Tempo Echo,—,5
Brigid:_Orgahil_Pirate,Pulse Smoke 3,240,4
Brunnya:_Devoted_General,Res Smoke 3,240,4
Bruno:_Masked_Hare,Dazzling Staff 3,240,5
Bruno:_Masked_Reveler,Threat. Atk/Res 2,200,4
Byleth:_Fell_Star's_Duo,Ground Orders 3,240,4
Byleth:_Fount_of_Learning,Lull Spd/Res 3,240,5
Byleth:_Frosty_Professors,A/R Far Save 3,300,4
Byleth:_Proven_Professor,Even Atk Wave 3,240,4
Byleth:_Sublime_Light,Spd/Res Hold,300,5
Byleth:_Tested_Professor,Odd Spd Wave 3,240,4
Byleth:_The_Fódlan_Light,Goddess Bearer II,300,5
Byleth:_The_Fódlan_Star,Atk/Spd Oath 4,300,5
Byleth:_Vengeance_Vessel,Time's Pulse 4,300,5
Caeda:_Beloved_Queen,A/S Rein Snap,300,1
Caeda:_Marth's_Faithful,Guard Echo,—,5
Caeda:_Princess_of_Talys,Joint Hone Atk,300,5
Caeda:_Sea-Blossom_Pair,Panic Smoke 3,240,4
Caeda:_Talys's_Bride,Hone Spd 3,200,4
Caeda:_Talys's_Heart,Fortify Fliers,200,4
Caeldori:_Perfect_Angel,Atk/Spd Hold,300,5
Caellach:_Tiger_Eye,Even Def Wave 3,240,4
Cain:_The_Bull,Threaten Atk 3,200,5
Caineghis:_Gallia's_Lion_King,Distant Guard 3,240,4
Camilla:_Alluring_Darkness,Deadly Miasma,300,5
Camilla:_Bewitching_Beauty,Savage Blow 3,200,4
Camilla:_Flower_of_Fantasy,Goad Fliers,200,5
Camilla:_Holiday_Traveler,Ward Fliers,200,4
Camilla:_Light_of_Nohr,Atk Tactic 3,240,4
Camilla:_Midnight_Bloom,Atk/Res Hold,300,5
Camilla:_Spring_Princess,Live for Bounty,100,4
Camilla:_Steamy_Secrets,Hone Fliers,200,4
Camilla:_Tropical_Beauty,Hone Fliers,200,5
Camilla:_Young_Beauty,Guidance 4,300,5
Camus:_Sable_Knight,Goad Cavalry,200,4
Candace:_Sly_Snatcher,Def Ploy 3,240,5
Caspar:_Hotheaded_Inciter,Brash Assault 3,200,4
Caspar:_Summer_Intensity,Even Atk Wave 3,240,5
Castor:_Loving_Son,Threat. Atk/Def 2,200,4
Cath:_Caper_Captain,Blue Feud 3,240,5
Cath:_Master_Thief,Spd/Res Link 3,240,4
Catherine:_Thunder_Knight,Lull Spd/Def 3,240,4
Catria:_Azure_Wing_Pair,Spd/Def Rein 3,240,4
Catria:_Middle_Whitewing,Seal Atk 3,160,5
Catria:_Mild_Middle_Sister,Spd Tactic 3,240,5
Catria:_Spring_Whitewing,Drive Spd 2,240,4
Catria:_Windswept_Knight,S/D Far Trace 3,240,5
Cecilia:_Etrurian_Bride,Rouse Atk/Res 3,240,5
Cecilia:_Etrurian_General,Escape Route 3,240,4
Cecilia:_Festive_Instructor,Def Ploy 3,240,5
Ced:_Hero_on_the_Wind,Pulse Smoke 3,240,4
Ced:_Sage_of_the_Wind,Infantry Pulse 4,300,5
Celica:_Caring_Princess,Spur Def 3,200,4
Celica:_Imprisoned_Soul,Hone Atk 3,200,4
Celica:_Of_Echoes,Inf. Null Follow 4,300,5
Celica:_Queen_of_Valentia,Atk/Spd Menace,300,5
Celica:_Valentia's_Hope,Inf. Null Follow 3,240,4
Celica:_Warrior_Priestess,Atk Tactic 3,240,4
Céline:_Joyous_Royal,Canto Control 3,240,4
Céline:_Teatime_Ninja,Spd/Res Ploy 3,300,5
Cervantes:_Invincible_General,Wary Fighter 3,240,4
Chad:_Lycian_Wildcat,Spd Smoke 3,240,4
Charlotte:_Money_Maiden,Threaten Atk 3,200,5
Charlotte:_Wily_Warrior,Time's Pulse 3,240,4
Cherche:_Shaded_by_Wings,Atk/Def Hold,300,5
Cherche:_Wyvern_Friend,Fortify Def 3,200,5
Chloé:_Fairy-Tale_Flier,Pegasus Flight 4,300,5
Chloé:_Spring_Wings,Spd/Res Crux,300,5
Chrom:_Crowned_Exalt,Blue Feud 3,240,4
Chrom:_Exalted_Prince,Spur Def 3,200,5
Chrom:_Fate-Defying_Duo,Time's Pulse 3,240,4
Chrom:_Fated_Honor,Inf. Spd Tactic,300,5
Chrom:_Fell_Exalt,Inf. Spd Tactic,300,5
Chrom:_Gifted_Leader,Wary Fighter 3,240,4
Chrom:_Knight_Exalt,Sword Valor 3,120,5
Chrom:_Spring_Exalt,Axe Experience 3,120,4
Chulainn:_Unbeaten_Warrior,Spd/Def Bulwark 3,240,5
Citrinne:_Caring_Noble,Atk/Res Oath 4,300,5
Clair:_Highborn_Flier,Spur Spd 3,200,5
Clanne:_Summer_Fan,Spd/Def Tempo 3,240,5
Clarine:_Refined_Noble,Resistance +3,120,5
Clarisse:_Sniper_in_the_Dark,Threaten Def 3,200,5
Claude:_Almyra's_King,Atk/Spd Rein 3,240,5
Claude:_Distant_Deer,A/S Incite Hone,300,5
Claude:_Golden_Breeze,Atk/Spd Oath 4,300,5
Claude:_King_of_Unification,Guidance 4,300,5
Claude:_The_Schemer,Def Smoke 3,240,4
Claude:_Tropical_Trouble,Spd/Def Rein 3,240,5
Claude:_Yuletide_Schemer,Chill Atk/Spd 2,240,5
Clive:_Idealistic_Knight,Hit and Run,150,3
Colm:_Capable_Thief,Atk/Res Link 3,240,5
Conrad:_Masked_Knight,Chill Atk 3,240,5
Conrad:_Unmasked_Knight,Wings of Mercy 3,240,5
Constance:_Fallen_Noble,Spd/Res Rein 3,240,4
Cordelia:_Knight_Paradise,Dull Close 3,240,5
Cordelia:_Knight_Paragon,Pass 3,200,4
Dimitri:_Savior_King,Odd Tempest 3,240,5
Klein:_Silver_Nobleman,Quick Riposte 3,240,5
Lilith:_Astral_Daughter,Joint Drive Atk,300,5
Kronya:_Gleaming_Blade,Distant Guard 3,240,4
Joshua:_Tempest_King,Windsweep 3,240,4
Linde:_Light_Mage,Fortify Res 3,200,5
Guinivere:_Princess_of_Bern,Joint Drive Res,300,5
Seiros:_Saint_of_Legend,Wings of Light+,300,5
Edelgard:_Flame_Emperor,Armored Stride 3,240,5
Shigure:_Uplifting_Artist,Ward Fliers,200,4
Shannan:_Wielder_of_Astra,Even Spd Wave 3,240,4
Solon:_Church_Shadow,Atk Ploy 3,240,4
Linus:_Mad_Dog,Drive Def 2,240,4
Raven:_Peerless_Fighter,Threaten Def 3,200,5
Orson:_Passion's_Folly,Rouse Atk/Def 3,240,5
Hector:_Just_Here_to_Fight,Wary Fighter 3,240,4
Roy:_Young_Lion,Seal Def 3,160,5
Eirika:_Pledged_Restorer,Atk/Spd Menace,300,5
Kris:_Unknown_Hero,Joint Drive Atk,300,5
Roy:_Brave_Lion,Desperation 3,200,4
Gunnthrá:_Voice_of_Dreams,Res Ploy 3,240,5
Lyon:_Demon_King,Rouse Atk/Res 3,240,4
Ursula:_Blue_Crow,Threaten Res 3,200,4
Mae:_Bundle_of_Energy,B Tome Exp. 3,120,4
Leon:_True_of_Heart,Guard 3,200,5
Faye:_Devoted_Heart,Bow Exp. 3,120,4
Innes:_Frelian_Moonlight,Distant Guard 3,240,4
Jamke:_Prince_of_Verdane,Cancel Affinity 3,200,4
Lethe:_Gallia's_Valkyrie,Hone Beasts,200,4
Garon:_King_of_Nohr,Panic Ploy 3,240,4
Tiki:_Dragon_Scion,Breath of Life 3,200,4
Tiki:_Naga's_Voice,Spur Res 3,200,5
Nailah:_Blessed_Queen,Glare,300,5
Shiro:_Raw_Talent,Def Tactic 3,240,5
Marth:_Legacied_Hero,Spd/Def Oath 3,240,5
Corrin:_Bloodbound_Beast,Rouse Spd/Def 3,240,4
Leo:_Sorcerous_Prince,Savage Blow 3,200,5
Sully:_Crimson_Knight,Spur Def 3,200,4
Fir:_Student_of_Spring,Air Orders 3,240,4
Yarne:_Timid_Taguel,Odd Spd Wave 3,240,5
Helbindi:_Savage_Scourge,Infantry Pulse 3,240,5
Flayn:_Playing_Innocent,Ground Orders 3,240,5
Gaius:_Candy_Stealer,Pass 3,200,4
Yune:_Chaos_Goddess,Chaos Named+,300,5
Ike:_Zeal_Unleashed,Atk/Spd Oath 3,240,4
Gatekeeper:_Nothing_to_Report,Joint Drive Def,300,5
Sigrun:_Loyal_Protector,Hone Fliers,200,5
Hector:_Dressed-Up_Duo,Hone Armor,200,4
Leila:_Rose_amid_Fangs,Atk Smoke 3,240,4
Merlinus:_Pherae's_Clerk,Distant Guard 3,240,5
Henry:_Twisted_Mind,G Tomebreaker 3,200,4
Ranulf:_Friend_of_Nations,Ward Beasts,200,4
Ilyana:_Hungering_Mage,Res Ploy 3,240,5
Sheena:_Princess_of_Gra,Fortify Armor,200,4
Melady:_Crimson_Rider,Wyvern Flight 3,240,4
Valter:_Dark_Moonstone,Panic Ploy 3,240,5
Sanaki:_Begnion's_Apostle,Hone Atk 3,200,4
Jorge:_Traveling_Peddler,Atk Opening 3,240,4
Delthea:_Free_Spirit,Drive Atk 2,240,5
Nemesis:_King_of_Liberation,Savage Blow 3,200,5
Sonya:_Vengeful_Mage,Res Ploy 3,240,4
Siegbert:_Future_King,Atk Tactic 3,240,5
Knoll:_Darkness_Watcher,Spd Ploy 3,240,4
Julia:_Heart_Usurped,Panic Smoke 3,240,4
Lysithea:_Earnest_Seeker,Hone Spd 4,300,5
Nephenee:_Fierce_Halberdier,Wrath 3,240,5
Lukas:_Sharp_Soldier,Obstruct 3,200,4
Fae:_Childlike_Dragon,Def/Res Menace,300,5
Delthea:_Tatarrah's_Puppet,Even Atk Wave 3,240,4
Jaffar:_Angel_of_Death,Threaten Spd 3,200,5
Lyn:_Lady_of_the_Beach,Distant Guard 3,240,4
Idunn:_Dark_Priestess,Ward Dragons,200,4
Gerik:_Desert_Tiger,Infantry Pulse 3,240,5
Virion:_Elite_Archer,Seal Spd 3,160,4
Naga:_Dragon_Divinity,Divine Fang+,300,5
Tiki:_Legendary_Dragon,With Everyone! II,300,5
Deirdre:_Lady_of_the_Forest,Spd Ploy 3,240,5
Sigurd:_Holy_Knight,Spd Smoke 3,240,5
Mikoto:_Caring_Mother,Infantry Rush 3,240,5
Shinon:_Scathing_Archer,Time's Pulse 3,240,5
Titania:_Mighty_Mercenary,Guard 3,200,5
Corrin:_Dream_Prince,Hone Dragons,200,5
Corrin:_Dream_Princess,Fortify Dragons,200,4
Roy:_Blazing_Lion,Human Virtue II,300,5
Minerva:_Princess-Knight,Flier Formation 3,240,4
Eliwood:_Knight_of_Lycia,Ward Cavalry,200,4
Kana:_Dragon_Spawn,Fortify Dragons,200,4
Est:_Springtime_Flier,Hone Fliers,200,4
Cordelia:_Perfect_Bride,Breath of Life 3,200,4
Cordelia:_Unyielding_Snow,Def/Res Hold,300,5
Cormag:_Aloof_Lanceman,Def Opening 3,240,5
Cornelia:_Saint_Consumed,Sabotage Def 3,240,5
Corrin:_Celestial_Sorcerer,Dragon's Ire 4,300,5
Corrin:_Child_of_Dawn,Atk/Res Ploy 3,300,5
Corrin:_Child_of_Dusk,Joint Drive Atk,300,5
Corrin:_Daylight_Ninja_Act,Special Spiral 3,240,5
Corrin:_Enjoying_Tradition,Spur Def/Res 2,240,4
Corrin:_Fateful_Prince,Obstruct 3,200,5
Corrin:_Fateful_Princess,Hone Atk 3,200,4
Corrin:_Nightfall_Ninja_Act,Joint Drive Atk,300,5
Corrin:_Novice_Vacationer,Fortify Fliers,200,4
Corrin:_Silent_Bloodline,A/S Far Save 3,300,4
Corrin:_Starry_Seer,Joint Drive Atk,300,5
Corrin:_Wailing_Soul,Sudden Panic 3,240,5
Corrin:_Young_Kinship,Lower Ground,300,5
Cynthia:_Hero_Chaser,Drive Atk 2,240,5
Cyril:_Rhea's_Attendant,Threat. Spd/Def 2,200,4
Dagr:_Bluster_Princess,Alarm Atk/Spd,300,5
Dagr:_New_Year_Jötnar,Atk/Def Rein 3,240,4
Dagr:_Sun's_Radiance,Even Tempest 3,240,4
Dagr:_Sunny_Bloom,Firm Canto Curb,300,5
Darros:_Seawalker,Odd Def Wave 3,240,4
Death_Knight:_The_Reaper,Close Guard 3,240,4
Dedue:_Dauntless_Beast,For the True King,300,5
Dedue:_Dimitri's_Vassal,A/D Near Save 3,300,4
Dedue:_Loyal_Life_Guard,Even Def Wave 3,240,4
Deen:_Bladed_Sandstorm,Odd Spd Wave 3,240,5
Deirdre:_Fated_Saint,Atk/Res Menace,300,5
Delthea:_Prodigy_in_Bloom,Rouse Atk/Spd 4,300,5
Dew:_Benevolent_Thief,Atk/Spd Gap 3,240,5
Dheginsea:_Harvest_Goldoan,Slick Fighter 3,240,4
Diamant:_Gallant_Ninja,Endless Tempest,300,5
Diamant:_Rising_Power,Time's Pulse 4,300,5
Dieck:_Wounded_Tiger,Threat. Atk/Def 3,300,5
Dimitri:_Blessed_Protector,Panic Smoke 4,300,5
Dimitri:_King_of_Faerghus,Joint Hone Atk,300,5
Dimitri:_Savage_Boar,Odd Tempest 3,240,4
Dimitri:_Sky-Blue_Lion,Spd/Def Menace,300,5
Dimitri:_Stargazing_Lion,Shadow Shift 4,300,5
Dimitri:_The_Protector,Lull Atk/Def 3,240,4
Díthorba:_Cutting_Knight,Spd/Res Oath 3,240,5
Donnel:_Sunny_Villager,Chill Def/Res 2,240,5
Donnel:_Village_Hero,Drag Back,150,3
Dorcas:_Pumpkin_Smasher,Wary Fighter 3,240,5
Dorcas:_Serene_Warrior,Infantry Pulse 3,240,4
Dorothea:_Daring_Ex-Singer,Inf. Null Follow 3,240,5
Dorothea:_Solar_Songstress,Hone Atk 4,300,5
Dorothea:_Twilit_Harmony,Atk/Spd Rein 3,240,5
Dorothea:_Yuletide_Dancer,Inf. Spd Tactic,300,5
Dorothy:_Devoted_Archer,Atk/Res Oath 3,240,5
Dozla:_Harvest_Attendant,Armor March 3,240,5
Draug:_Gentle_Giant,Ward Armor,200,4
Duessel:_Obsidian,Rouse Def/Res 3,240,4
Duma:_God_of_Strength,Upheaval+,300,5
Duma:_Strength_and_Love,Woeful Upheaval,300,5
Dwyer:_Sleepy_Butler,Spd Tactic 3,240,5
Echidna:_Unyielding_Idealist,Drive Atk 2,240,4
Edain:_Lady_of_Yngvi,Infantry Pulse 4,300,5
Edelgard:_Adorned_Eagle,Assault Rush,300,5
Edelgard:_Adrestian_Emperor,Joint Drive Res,300,5
Edelgard:_Hegemon_Husk,Armored Stride 3,240,4
Edelgard:_Snowfall_Future,Def/Res Ploy 3,300,5
Edelgard:_Sun_Empresses,Assault Troop 3,240,4
Edelgard:_The_Future,Rouse Atk/Def 3,240,5
Edward:_Blade_of_Justice,Breath of Life 4,300,5
Effie:_Army_of_One,Wary Fighter 3,240,4
Effie:_Dedicated_Heart,Infantry Flash 3,240,5
Eikþyrnir:_Blessed_Strength,Breath of Life 3,200,4
Eikþyrnir:_Quieting_Strength,Beast Threaten,300,5
Eir:_Life_Ascendant,Sparkling Boost,300,5
Eir:_Merciful_Death,Sparkling Boost+,300,5
Eir:_Renewed_Life,Spd Tactic 3,240,5
Eirika:_Anamnesis_Lady,R Tome Exp. 3,120,4
Eirika:_Beach_Restorer,Atk/Spd Oath 4,300,5
Eirika:_Gentle_as_Snow,Atk Opening 3,240,4
Eirika:_Graceful_Resolve,Odd Def Wave 3,240,4
Eirika:_Of_the_Sacred,A/S Incite Hone,300,5
Eirika:_Resolute_Princess,Null C-Disrupt E,—,5
Eirika:_Restoration_Lady,Hone Spd 3,200,4
Eirika:_Twin_Refulgence,Joint Drive Spd,300,5
Eitr:_Hand_of_Nothing,Alarm Atk/Spd,300,5
Eitr:_Spring_Sunrise,Bestial Agility,300,5
Eitri:_Youthful_Sage,Deadly Miasma,300,5
Eldigan:_Lionheart,Lunge,150,3
Eldigan:_Strutting_Lion,Def Opening 3,240,4
Eleonora:_Shooting_Starlet,Spd/Def Ruse 3,240,4
Elffin:_Truth_Beholden,Inf. Null Follow 4,300,5
Elice:_Altean_Princess,Atk/Res Gap 3,240,4
Elimine:_Scouring_Saint,Holy Ground+,300,5
Elincia:_Devoted_Queen,Spd/Res Hold,300,5
Elincia:_Estival_Princess,Drive Res 2,240,4
Elincia:_Seaside_Queen,Atk/Spd Link 3,240,5
Elincia:_Undaunted_Queen,Heart of Crimea,300,5
Elise:_Bubbling_Flower,Dagger Valor 3,120,4
Elise:_Budding_Flower,Live to Serve 3,160,5
Elise:_Sparkling_Smile,Even Recovery 3,240,4
Elise:_Sweetheart_Royals,Odd Recovery 3,240,4
Elise:_Tropical_Flower,G Tome Valor 3,120,4
Eliwood:_Devoted_Love,Goad Armor,200,4
Eliwood:_Marquess_Pherae,Spd Opening 3,240,4
Eliwood:_Pledged_Friend,Inborn Idealism,300,5
Elm:_Resolute_Grouch,C Feud 3,240,4
Embla:_Closed-Off_Bride,Absolute Closure,300,5
Embla:_God_of_Closure,Severance,300,5
Emmeryn:_Gentle_Exalt,Res Opening 3,240,4
Emmeryn:_Selfless_Exalt,Atk/Res Oath 4,300,5
Ena:_Autumn_Tactician,Ward Dragons,200,4
Ephraim:_Ardent_Prince,A/D Near Save 3,300,4
Ephraim:_Dynastic_Duo,Odd Atk Wave 3,240,4
Ephraim:_Legendary_Lord,Fortify Def 3,200,4
Ephraim:_Restoration_Lord,Threaten Def 3,200,5
Ephraim:_Sacred_Twin_Lord,Armor March 3,240,5
Ephraim:_Sparkling_Gallantly,Close Guard 3,240,5
Ephraim:_Sunshine_Valiant,Alarm Atk/Def,300,5
Eremiya:_Bishop_of_Woe,Distant Guard 3,240,5
Erinys:_Earnest_Knight,Atk/Def Rein 3,240,5
Erk:_Studious_Mage,Spd Opening 3,240,4
Est:_Junior_Whitewing,Seal Spd 3,160,5
Est:_Sweet_Baby_Sis,Flow Feather 3,240,4
Ethlyn:_Glimmering_Lady,Joint Drive Spd,300,5
Ethlyn:_Spirited_Princess,Live to Serve 3,160,4
Etie:_Fitness_Fighter,Atk/Def Gap 3,240,4
Ewan:_Eager_Student,Sabotage Spd 3,240,5
Eyvel:_Mistress_of_Fiana,Chill Atk 3,240,4
Fae:_Divine_Dragon,Threaten Atk 3,200,5
Fae:_Holiday_Dear,Armor March 3,240,4
Fáfnir:_Fresh_Ambition,Rouse Atk/Def 4,300,5
Fargus:_Badon_Buccaneer,Infantry Pulse 3,240,5
Farina:_The_Great_Wing,Atk/Def Rein 3,240,5
Faye:_Drawn_Heartstring,Armor March 3,240,4
Febail:_Mercenary_Waif,Phys. Null Follow,300,5
Fee:_Aspiring_Knight,Drive Spd 2,240,4
Felicia:_Confidently_Cold,Odd Spd Wave 4,300,5
Felicia:_Maid_Mayhem,Breath of Life 3,200,4
Felicia:_Off_the_Menu,Close Guard 3,240,5
Felix:_Icy_Gift_Giver,Dull Ranged 3,240,4
Felix:_Lone-Wolf_Blade,Spd Smoke 4,300,5
Felix:_Sword_Savant,Endless Tempest,300,5
Ferdinand:_Highborn_Sipper,Spd/Res Rein 3,240,5
Ferdinand:_Noblest_of_Nobles,Rouse Spd/Def 3,240,5
Fernand:_Traitorous_Knight,Threat. Atk/Def 2,200,4
Finn:_Lance_of_Legend,Goad Cavalry,200,4
Fiora:_Defrosted_Ilian,Atk Smoke 3,240,5
Fir:_Sword_Student,Pass 3,200,5
Fir:_Swordmaiden,Atk/Spd Oath 4,300,5
Fjorm:_Bride_of_Rime,Ground Orders 3,240,5
Fjorm:_Gleaming_Ice_Pair,A/S Far Save 3,300,4
Fjorm:_Ice_Ascendant,A/R Far Save 3,300,5
Fjorm:_New_Traditions,Even Res Wave 3,240,4
Fjorm:_Princess_of_Ice,Drive Atk 2,240,5
Fjorm:_Seaside_Thaw,Time's Pulse 4,300,5
Flame_Emperor:_Bringer_of_War,Wary Fighter 3,240,5
Flavia:_Bold_Bride,Rouse Atk/Spd 3,240,4
Flavia:_Feroxi_East-Khan,Red Feud 3,240,4
Flayn:_Silly_Kitty-Cat,Dazzle Far Trace,300,5
Flora:_Cold_as_Ice,Def Ploy 3,240,5
Flora:_Polar-Perfect,Disarm Trap 3,240,5
Flora:_Signature_Dish,Armor March 3,240,4
Florina:_Azure-Sky_Knight,Joint Drive Spd,300,5
Florina:_Lovely_Flier,Breath of Life 3,200,5
Fogado:_Affable_Prince,S/D Far Trace 4,300,5
Fomortiis:_Dark_of_Night,A/D Briar F Save,300,5
Fomortiis:_Demon_King,A/D Far Save 3,300,4
Forde:_Unfettered_Knight,S/D Near Trace 4,300,5
Forrest:_Fashion_Forward,Res Ploy 3,240,5
Forsyth:_Loyal_Lieutenant,Joint Hone Def,300,5
Framme:_Spring_Fangirl,Infantry Pulse 4,300,5
Frederick:_Horizon_Watcher,Seal Atk/Spd 2,200,5
Frederick:_Polite_Knight,Fortify Def 3,200,4
Frederick:_Youth_in_Service,Close Guard 3,240,4
Freyja:_Fleeting_Summer,Fatal Smoke 3,240,4
Freyja:_Lady_of_Nightmare,Spd Smoke 4,300,5
Freyr:_Dream-King,Dream Deliverer,300,5
Freyr:_Estival_Dreams,Lull Atk/Def 3,240,4
Fuga:_Force_of_Gales,Threat. Atk/Def 2,200,4
Gaius:_Thief_Exposed,Def Ploy 3,240,5
Galle:_Azure_Rider,Odd Atk Wave 3,240,4
Galzus:_Dark_Blade_of_Od,Null Follow-Up 3,240,4
Ganglöt:_Death_Anew,Joint Dist. Guard,300,5
Gangrel:_Plegia's_Mad_King,Panic Ploy 3,240,4
Gatrie:_Armored_Amour,Crafty Fighter 3,240,5
Geese:_A_Life_at_Sea,Infantry Pulse 3,240,4
Genny:_Dressed_with_Care,Def Opening 3,240,4
Genny:_Endearing_Ally,Wrathful Staff 3,240,5
Geoffrey:_Realm's_Protector,Atk/Def Menace,300,5
Gerome:_Masked_Rider,Hit and Run,150,3
Gharnef:_Dark_Pontifex,Chill Atk 3,240,5
Gilliam:_Wall_of_Silence,A/D Near Save 3,300,4
Ginnungagap:_Ruler_of_Nihility,Fatal Smoke 4,300,5
Glen:_Sunstone,Flier Guidance 3,240,5
Goldmary:_Coy_Beach_Divas,Even Atk Wave N,300,5
Gonzalez:_Kindly_Bandit,Threat. Atk/Spd 2,200,4
Gordin:_Altean_Archer,Vantage 3,200,5
Gotoh:_Apostle_of_Naga,Pulse Up: Ploy,300,5
Gotoh:_White_Sage,Joint Dist. Guard,300,5
Gray:_Wry_Comrade,Sword Valor 3,120,4
Gregor:_Swell_Sword,Inf. Null Follow 3,240,4
Greil:_Heroic_Exemplar,Armor March 3,240,5
Griss:_Indulging_Pain,Atk/Res Tempo 3,240,5
Guinivere:_Queen_of_Bern,Bern's New Way,300,5
Gullveig:_Glittering_Sunlight,Odd Spd Wave 4,300,5
Gullveig:_Seer_Beyond_Time,Atk/Spd Oath 4,300,5
Gunnthrá:_Beaming_Smile,Disarm Trap 3,240,5
Gunnthrá:_Year's_First_Dream,Joint Hone Spd,300,5
Gunter:_Inveterate_Soldier,Hone Cavalry,200,4
Gustav:_Majestic_Love,D/R Near Save 3,300,5
Gustav:_Sovereign_Slain,Atk Smoke 4,300,5
Guy:_Kutolah_Blade,Threat. Spd/Def 2,200,5
Gwendolyn:_Adorable_Knight,Hone Armor,200,4
Haar:_Black_Tempest,Odd Def Wave 3,240,4
Haar:_Tempest_Runner,Atk/Def Oath 3,240,5
Hana:_Focused_Ninja,Wrath 3,240,4
Hana:_Focused_Samurai,Obstruct 3,200,4
Hana:_Striving_Heart,Armored Stride 3,240,5
Hans:_Ambitious_Brute,Rouse Atk/Spd 3,240,4
Hapi:_Drawn-Out_Sigh,A/R Far Trace 3,240,4
Hardin:_Dark_Emperor,Bold Fighter 3,240,4
Hardin:_The_Coyote,A/S Near Trace 3,240,4
Harken:_Troubled_Warrior,Brash Assault 4,300,5
Hawkeye:_Desert_Guardian,Threaten Atk 3,200,4
Hawkeye:_Taciturn_Guardian,Panic Ploy 3,240,4
Hayato:_Diviner_of_Reppu,Windsweep 3,240,5
Heath:_Wandering_Knight,Escape Route 3,240,5
Heath:_Wyvern_Ninja,Pulse Smoke 3,240,5
Heather:_Wandering_Ninja,Spd/Def Ruse 4,300,5
Hector:_Brave_Warrior,Even Res Wave 3,240,4
Hector:_General_of_Ostia,Goad Armor,200,4
Hector:_Marquess_of_Ostia,Ostia's Pulse II,300,5
Hector:_Steel_Warrior,D Counter Echo,—,5
Hector:_Sworn_Friend,D/R Far Save 3,300,4
Heiðr:_Innocent_Goddess,Panic Smoke 4,300,5
Heiðrún:_Healing_Nectar,Divine Nectar,300,5
Heiðrún:_Sisters_of_Healing,Nectar's Magic,300,5
Helbindi:_Seaside_Scourge,Panic Ploy 3,240,4
Henriette:_Overflowing_Love,A/R Far Save 3,300,5
Henry:_Happy_Vampire,Armor March 3,240,5
Henry:_Peculiar_Egg,Atk/Def Ruse 3,240,4
Hestia:_Duma's_Witch,Res Ploy 3,240,4
Hilda:_Deer's_Two-Piece,Even Recovery 3,240,5
Hilda:_Helping_Hand,Joint Drive Spd,300,5
Hilda:_Holiday_Layabout,Even Follow-Up 3,240,4
Hilda:_Idle_Maiden,Def Opening 3,240,4
Hilda:_Queen_of_Friege,Rouse Atk/Res 3,240,4
Hinata:_Samurai_Groom,Close Guard 3,240,5
Hinata:_Wild_Samurai,Brash Assault 3,200,5
Hinoka:_Blue_Sky_Warrior,Flier Guidance 3,240,5
Hinoka:_Fair_Pirate_Pair,Def/Res Rein 3,240,4
Hinoka:_Relaxed_Warrior,Air Orders 3,240,5
Hinoka:_Thundering_Wings,Rallying Cry,300,5
Hinoka:_Warrior_Princess,Hone Fliers,200,4
Holst:_Hero_of_Leicester,Atk/Spd Oath 3,240,4
Hortensia:_Little_Charmer,Glittering Anima,300,5
Hortensia:_Winter's_Dearest,Twinkling Anima,300,5
Hræsvelgr:_Quieting_Blade,Divine Talon,300,5
Hræsvelgr:_Wings_of_Healing,Divine Talon,300,5
Hríd:_Icy_Blade,Atk Smoke 3,240,4
Hríd:_Island_Ice_Prince,Odd Def Wave 4,300,5
Hríd:_Resolute_Prince,Hone Atk 4,300,5
Hubert:_Crimson_Schemer,Panic Ploy 3,240,4
Hubert:_Sinister_Servant,Inf. Hexblade 3,240,5
Hugh:_Worldly_Mage,Rouse Atk/Spd 4,300,5
Iago:_Nohr's_Tactician,Atk Opening 3,240,5
Idunn:_Divine_Demon,D/R Near Save 3,300,5
Idunn:_Dragonkin_Duo,Goad Dragons,200,4
Ignatz:_Snowscape_Artist,Def Tactic 3,240,4
Igrene:_Nabata_Protector,Pulse Smoke 3,240,4
Igrene:_Ninja_of_Nabata,Spd/Def Rein 3,240,5
Igrene:_Sworn_Protectors,Pulse Up: Blades,300,5
Ike:_Brave_Mercenary,Threaten Def 3,200,4
Ike:_Close-Knit_Siblings,Joint Drive Atk,300,5
Ike:_Desert_Mercenary,Time Pulse Edge,300,5
Ike:_Of_Radiance,Canto Control 3,240,4
Ike:_Stalwart_Heart,Even Spd Wave 3,240,4
Ike:_Vanguard_Legend,Def Tactic 3,240,4
Ike:_Young_Mercenary,Swordbreaker 3,200,4
Ilyana:_Awakened_Appetite,Atk/Res Gap 3,240,4
Ilyana:_Treat_Harvester,Atk/Res Gap 3,240,4
Ingrid:_Beacon_of_Honor,Spd/Def Hold,300,5
Ingrid:_Galatea's_Heir,Rouse Atk/Spd 3,240,4
Ingrid:_Solstice_Knight,Odd Spd Wave 3,240,4
Inigo:_Festival_Flower,Atk/Spd Rein 3,240,4
Inigo:_Flower_Picker,Wrath 3,240,5
Inigo:_Indigo_Dancer,Hone Atk 3,200,4
Innes:_Flawless_Form,Goad Fliers,200,4
Innes:_New_Year's_Aim,Null Follow-Up 3,240,4
Innes:_Regal_Strategician,Cancel Affinity 3,200,4
Isadora:_Escort_of_Pherae,Atk/Def Snag 4,300,5
Ishtar:_Echoing_Thunder,Time's Pulse 3,240,5
Ishtar:_Thunder_Goddess,Odd Atk Wave 3,240,5
Ishtar:_Thunder's_Waltz,Air Orders 3,240,5
Itsuki:_Finding_a_Path,Drive Def 2,240,5
Ivy:_Snow_Queen,Soaring Echo,—,5
Ivy:_Tidal_Breeze,Soaring Guidance,300,5
Jaffar:_Angel_of_Night,Goad Armor,200,4
Jagen:_Veteran_Knight,Fortify Cavalry,200,4
Jakob:_Devoted_Monster,Wary Fighter 3,240,4
Jakob:_Devoted_Servant,Renewal 3,240,5
Jarod:_Nevassa_General,Pulse Smoke 3,240,5
Jedah:_Priest_of_Duma,Poison Strike 3,240,4
Jeorge:_Perfect_Shot,Spur Spd 3,200,5
Jeralt:_Blade_Breaker,Distant Guard 3,240,4
Jesse:_Blithe_Mercenary,Repel 3,240,5
Jill:_Fiery_Dracoknight,Spd/Def Rein 3,240,5
Joshua:_Resolute_Tempest,Green Feud 3,240,5
Joshua:_Tropical_Gambler,Fortify Def 4,300,5
Julia:_Brides_of_Light,Time Pulse Helm,300,5
Julia:_Crusader_of_Light,Atk/Res Menace,300,5
Julia:_Naga's_Blood,Breath of Life 3,200,5
Julia:_Scion_of_the_Saint,Light and Dark,300,5
Julian:_Tender_Thief,Lull Atk/Spd 3,240,4
Julius:_Scion_of_Darkness,Atk Ploy 3,240,4
Juno:_Nimble_Grace,Atk/Def Oath 4,300,5
Juno:_Soaring_Bride,Aerobatics 3,240,4
Kaden:_Kitsune_Braggart,Goad Beasts,200,4
Kaden:_Refreshed_Kitsune,Even Spd Wave 3,240,5
Kagero:_Beverage_Ninja,Even Atk Wave 3,240,4
Kagero:_Bond_Unwavering,C Feud 3,240,4
Kagero:_Honorable_Ninja,Daggerbreaker 3,200,4
Kagero:_Spring_Ninja,Goad Fliers,200,4
Kagetsu:_Onigiri_Samurai,Null Follow-Up 3,240,5
Kamui:_Wandering_Blade,Atk/Def Oath 3,240,5
Kana:_Dragon_Princess,Goad Dragons,200,5
Kana:_Rising_Dragon,Dragon Wall 3,240,5
Kana:_Rising_Sunlight,Drive Res 2,240,4
Karel:_Sword_Demon,Desperation 3,200,5
Karin:_Driven_Knight,Drive Atk 2,240,5
Karla:_Spring_Reveries,Spd Smoke 4,300,5
Karla:_Sun-Piercing_Steel,Odd Tempest 3,240,5
Karla:_Sword_Vassal,Even Spd Wave 3,240,5
Katarina:_Torchlit_Wanderer,Atk/Res Rein 3,240,5
Katarina:_Wayward_One,Atk Ploy 3,240,4
Kaze:_Easygoing_Ninja,Atk Smoke 3,240,4
Keaton:_Lupine_Collector,Beast Valor 3,120,4
Keaton:_Resolved_Wolfskin,Atk/Def Link 3,240,4
Kellam:_Pumpkin_Knight,Vengeful Fighter 3,240,5
Kempf:_Conniving_General,Savage Blow 3,200,5
Kent:_Crimson_Shield,Spd/Def Snag 3,240,4
Kiragi:_Upbeat_Archer,Drive Spd 2,240,4
Kiria:_Cool_Façade,Lull Atk/Res 3,240,5
Kjelle:_Fair_Fighter,Bold Fighter 3,240,5
Kliff:_Curious_Spirit,Fortify Res 3,200,4
Kris:_Ardent_Firebrand,Chill Atk 3,240,4
Kris:_Unsung_Hero,Rouse Spd/Res 3,240,4
Kurthnaga:_Autumn_Goldoan,Dragon Exp. 3,120,4
Kvasir:_Unknown_Future,Inf. Null Follow 4,300,5
Kyle:_Zealous_Knight,Atk/Def Snag 3,240,4
Kyza:_Tiger_of_Fortune,Atk/Def Oath 3,240,5
L'Arachel:_Harvest_Princess,Spd/Res Ruse 3,240,5
L'Arachel:_Princess_of_Light,Res Tactic 3,240,5
L'Arachel:_Seeker_of_Justice,S/R Far Trace 3,240,5
L'Arachel:_Summer_Princess,Wrathful Staff 3,240,4
Lachesis:_Ballroom_Bloom,Air Orders 3,240,5
Lachesis:_Lionheart's_Sister,Spur Res 3,200,5
Laegjarn:_Burning_Sun,Hone Fliers,200,4
Laegjarn:_Flame_and_Frost,Atk Smoke 4,300,5
Laegjarn:_Flame_Ascendant,Rouse Atk/Spd 4,300,5
Laegjarn:_New_Experiences,Def Tactic 3,240,4
Laegjarn:_Sheathed_Steel,Distant Guard 3,240,5
Laevatein:_Bonfire's_Blaze,Odd Atk Wave 3,240,4
Laevatein:_Kumade_Warrior,Even Def Wave 3,240,4
Laevatein:_Ninja_of_Múspell,Atk/Def Rein 3,240,5
Laevatein:_Searing_Steel,Odd Spd Wave 3,240,5
Lana:_Benevolent_Bride,Spd/Res Rein 3,240,5
Lapis:_Mighty_Bride,Panic Smoke 4,300,5
Lapis:_Mighty_Flower,Spd/Def Oath 3,240,4
Lara:_Step_Lively,Atk Smoke 3,240,4
Larcei:_Bride_of_Astra,Brutal Tempest,300,5
Larcei:_Keen_Kin,Panic Smoke 3,240,5
Larcei:_Scion_of_Astra,Joint Drive Atk,300,5
Larum:_Dancing_Bride,Guidance 3,240,5
Larum:_Sprightly_Dancer,Spd/Res Gap 3,240,5
Laslow:_Dancing_Duelist,Hone Spd 3,200,5
Laurent:_The_Elucidator,Rouse Atk/Res 3,240,5
Læraðr:_Quieting_Heart,Barricade,300,5
Leanne:_Forest's_Song,Hone Beasts,200,5
Legault:_The_Hurricane,Atk Tactic 3,240,4
Legion:_Masked_Maniac,Obstruct 3,200,4
Leif:_Destined_Scions,Pulse Smoke 3,240,4
Leif:_Prince_of_Leonster,Drive Atk 2,240,4
Leif:_Unifier_of_Thracia,Joint Drive Atk,300,5
Leila:_Keen_Lookout,Def/Res Smoke 3,300,5
Leila:_Superb_Shadow,Lookout Force,300,5
Lena:_Bereft_Angel,Pulse Up: Ploy,300,5
Lena:_Tender_Angel,Atk Ploy 3,240,5
Lene:_Yearning_Dancer,Sword Valor 3,120,4
Leo:_Dark_Sprout,A/R Incite Hone,300,5
Leo:_Extra_Tomatoes,Quick Riposte 3,240,5
Leo:_Festival_Bonds,Fatal Smoke 3,240,5
Leo:_Seashore's_Prince,Atk Ploy 3,240,5
Leo:_Shrouded_Heart,A/D Far Trace 3,240,4
Leonardo:_Freedom's_Arrow,Guard 3,200,4
Leonie:_Relentless_Rays,Spd/Def Link 3,240,5
Lethe:_Cat_Attack,S/D Near Trace 3,240,5
Lethe:_New_Year's_Claw,Lull Spd/Def 3,240,4
Letizia:_Curse_Director,Rouse Atk/Res 4,300,5
Lewyn:_Guiding_Breeze,Odd Atk Wave 3,240,4
Lewyn:_Wind-Song_Scion,Infantry Flash 3,240,5
Lex:_Young_Blade,Axe Experience 3,120,5
Libra:_Fetching_Friar,Spur Atk/Res 2,240,4
Líf:_Arcane_Blade,Atk/Def Menace,300,5
Líf:_Lethal_Swordsman,Even Tempest 3,240,4
Líf:_Undying_Ties_Duo,Fatal Smoke 3,240,5
Lifis:_Terror_of_Iz,Windsweep 3,240,4
Lilina:_Beachside_Bloom,Atk Opening 3,240,4
Lilina:_Beaming_Bride,Joint Dist. Guard,300,5
Lilina:_Blush_of_Youth,Atk Tactic 3,240,4
Lilina:_Brilliant_Flame,Atk/Res Ploy 3,300,5
Lilina:_Delightful_Noble,Spur Atk 3,200,4
Lilina:_Firelight_Leader,Pulse Smoke 3,240,5
Lilith:_Silent_Broodling,Spd Smoke 4,300,5
Limstella:_Living_Construct,Sabotage Atk 3,240,5
Linde:_Bound_by_Fate,Def/Res Smoke 3,300,5
Linde:_Summer_Rays,Cancel Affinity 3,200,4
Linhardt:_Hevring's_Heir,Distant Guard 3,240,5
Linhardt:_Spring_Snoozer,Sabotage Def 3,240,4
Linus:_Savage_Dog,Panic Smoke 3,240,5
Lissa:_Littlest_Princess,Time's Pulse 3,240,5
Lissa:_Pure_Joy,Fortify Armor,200,4
Lissa:_Sprightly_Cleric,Renewal 3,240,5
Lissa:_Sweet_Celebrant,Res Opening 3,240,4
Lloyd:_Vengeful_Wolf,Repel 3,240,5
Lloyd:_White_Wolf,Threaten Atk 3,200,5
Loki:_Spring_Trickster,Goad Fliers,200,5
Loki:_The_Trickster,Odd Atk Wave 3,240,4
Loki:_Trickster_God,Divine Deceit,300,5
Lon'qu:_Solitary_Blade,Vantage 3,200,4
Lon'qu:_Spring_Jitters,Spurn 3,240,5
Lorenz:_Highborn_Heat,Even Res Wave 3,240,4
Louise:_Eternal_Devotion,Hone Cavalry,200,4
Louise:_Lady_of_Violets,Atk/Spd Oath 3,240,4
Lucia:_Loyalty_Enrobed,Firm Canto Curb,300,5
Lucia:_Tireless_Advisor,Even Tempest 3,240,4
Lucina:_Brave_Princess,Drive Spd 2,240,5
Lucina:_Fate's_Resolve,Alarm Def/Res,300,5
Lucina:_Future_Fondness,A/D Near Save 3,300,4
Lucina:_Future_Witness,Spur Atk 3,200,4
Lucina:_Glorious_Archer,Distant Guard 3,240,5
Lucina:_Shadows_of_Fate,Shadow Shift 4,300,5
Lucina:_Spring_Exalt,Seal Res 3,160,4
Lucius:_Calming_Light,Distant Guard 3,240,4
Lucius:_The_Light,HP +5,160,5
Ludveck:_Rebellious_Duke,Vengeful Fighter 3,240,5
Lugh:_Anima_Child,Atk Feint 3,240,5
Lukas:_Buffet_for_One,Wary Fighter 3,240,4
Luke:_Rowdy_Squire,Panic Ploy 3,240,5
Lumera:_Corrupted_Dragon,Corrupted Dragon,300,5
Lumera:_Dragon_Monarch,Null Follow-Up 3,240,5
Lumera:_In_Distant_Skies,Dragon Monarch,300,5
Lute:_Prodigy,Res Ploy 3,240,4
Lute:_Summer_Prodigy,Spd Tactic 3,240,4
Luthier:_Odd_Wayfarer,Guard 3,200,4
Luthier:_Spring_Hopes,Atk/Def Snag 3,240,4
Lyn:_Blazing_Whirlwind,Spd Smoke 4,300,5
Lyn:_Brave_Lady,Atk Smoke 3,240,4
Lyn:_Bride_of_the_Plains,Dazzling Staff 3,240,5
Lyn:_Lady_of_the_Plains,Spur Spd 3,200,4
Lyn:_Lady_of_the_Wind,Joint Drive Spd,300,5
Lyn:_Ninja-Friend_Duo,Spd/Def Rein 3,240,5
Lyn:_Of_Blazing,Panic Smoke 4,300,5
Lyn:_Wind's_Embrace,Armor March 3,240,4
Lyon:_Esteemed_Royals,Incite Atk/Res,300,5
Lyon:_Grado's_Gaze,Def/Res Gap 3,240,5
Lyon:_Shadow_Prince,Drive Res 2,240,4
Lyon:_Sunlit_Prince,Lull Atk/Def 3,240,5
Lyre:_Lap_Cat_of_Luxury,Chill Atk/Def 2,240,5
Lysithea:_Child_Prodigy,Time's Pulse 3,240,5
Lysithea:_Gifted_Students,C Feud 3,240,5
Lysithea:_Tea_Sweetener,Atk/Spd Oath 4,300,5
Mae:_Spring_Cheer,Atk/Spd Oath 3,240,4
Malice:_Blooming_Blade,A/S Spiked Wall,300,5
Malice:_Deft_Sellsword,Spurn 3,240,4
Mamori:_Microwavin'_Idol,Vengeful Fighter 3,240,4
Manuela:_Silver_Caroler,Special Fighter 3,240,4
Marcia:_Petulant_Knight,Spd/Def Gap 3,240,4
Mareeta:_Astra_Awakened,Even Tempest 3,240,5
Mareeta:_Sword_of_Stars,Rouse Atk/Def 3,240,4
Mareeta:_The_Blade's_Pawn,Null Follow-Up 3,240,5
Maria:_Minerva's_Sister,Fortify Res 3,200,5
Maria:_Ritual_Sacrifice,Even Recovery 3,240,4
Maria:_Sunny_Smile,Flow Flight 3,240,4
Marianne:_Adopted_Daughter,Joint Drive Res,300,5
Marianne:_Cursed_Blessing,Spd/Res Crux,300,5
Marianne:_Serene_Adherent,Time's Pulse 3,240,5
Maribelle:_Dire_Damsel,Staff Valor 3,120,5
Marisa:_Crimson_Flash,Infantry Pulse 3,240,5
Marisa:_Crimson_Rabbit,Flier Guidance 3,240,5
Marisa:_Willful_Blades,Odd Spd Wave 4,300,5
Mark:_Winds_of_Hope,Canto Control 3,240,4
Marla:_Duma's_Witch,Inf. Hexblade 3,240,4
Marni:_Pining_for_Praise,Wary Fighter 3,240,4
Marth:_Altean_Groom,Drive Atk 2,240,4
Marth:_Altean_Prince,Spur Spd 3,200,4
Marth:_Hero-King,Infantry Flash 3,240,5
Marth:_Love_and_Courage,S/D Hold Guide,300,5
Marth:_Of_Beginnings,Inf. Null Follow 4,300,5
Marth:_Prince_of_Light,Even Tempest 3,240,5
Marth:_Royal_Altean_Duo,Joint Hone Spd,300,5
Mathilda:_Legendary_Knight,Hone Atk 3,200,4
Matthew:_Faithful_Spy,Hone Spd 3,200,4
Matthis:_Brother_to_Lena,Rouse Def/Res 3,240,4
Mauvier:_Penitent_Knight,Rouse Atk/Def 3,240,4
Medeus:_Earth-Dragon_King,Canto Control 3,240,4
Medeus:_Last_Earth_Dragon,Atk Ploy 3,240,4
Mercedes:_Kindly_Devotee,Odd Res Wave 3,240,4
Mercedes:_Unfussed_Basker,A/R Far Trace 3,240,4
Merric:_Changing_Winds,Distant Guard 3,240,5
Merric:_Wind_Mage,Spur Res 3,200,4
Merric:_Wind_Pontifex,Incite Atk/Spd,300,5
Merrin:_Suave_Knight,Even Atk Wave N,300,5
Metodey:_Shrewd_Braggart,Poison Strike 3,240,4
Mia:_Budding_Blade,Odd Tempest 3,240,4
Mia:_Harmonic_Blades,Atk/Spd Gap 3,240,4
Mia:_Lady_of_Blades,Vantage 3,200,4
Mia:_Moonlit_Witch,Hone Fliers,200,4
Mia:_Summer_Slice,A/S Rein Snap,300,5
Micaiah:_Dawn_Wind's_Duo,Atk/Res Oath 3,240,5
Micaiah:_Dawning_Maiden,Far Trace Echo,—,5
Micaiah:_Priestess_of_Dawn,Drive Atk 2,240,4
Micaiah:_Queen_of_Dawn,Ground Orders 3,240,4
Micaiah:_Radiant_Queen,Time's Pulse 4,300,5
Micaiah:_Summer's_Dawn,Res Ploy 3,240,4
Micaiah:_Wavecrest_Maiden,Prescience,300,5
Michalis:_Ambitious_King,Threaten Def 3,200,4
Michalis:_Fruiting_Ambition,Atk/Spd Snag 3,240,3
Midir:_Archer_of_Yngvi,Incite Spd/Def,300,5
Midori:_Reliable_Chemist,Chill Atk 3,240,4
Mila:_Goddess_of_Love,Mila's Turnwheel II,300,5
Minerva:_Red_Dragoon,Ward Fliers,200,4
Minerva:_Verdant_Dragoon,Odd Atk Wave 3,240,5
Mirabilis:_Daydream,Def/Res Gap 3,240,5
Mirabilis:_Spring_Daydream,Atk/Res Rein 3,240,4
Mirabilis:_Sugarplum_Vision,Ground Orders 3,240,5
Miranda:_Willful_Princess,Spd/Res Gap 3,240,4
Miriel:_Rapier_Intellect,Spd/Res Link 3,240,4
Mist:_Helpful_Sister,Spur Def/Res 2,240,5
Mist:_Purest_Spirit,G Tome Valor 3,120,4
Monica:_Favored_Vassal,Spd/Res Tempo 3,240,4
Mordecai:_Gentle_Firetender,Atk/Def Gap 3,240,5
Mordecai:_Kindhearted_Tiger,Beast Exp. 3,120,4
Morgan:_Devoted_Darkness,Atk/Def Menace,300,5
Morgan:_Fated_Darkness,Atk/Res Menace,300,5
Morgan:_Lad_from_Afar,Spur Def/Res 2,240,4
Morgan:_Lass_from_Afar,Atk Ploy 3,240,5
Mozu:_Tragic_Start,Atk/Spd Oath 4,300,5
Muarim:_Raw_Instinct,Even Atk Wave 3,240,5
Murdock:_Loyal_General,Special Fighter 3,240,5
Múspell:_Flame_God,Domain of Flame,300,5
Múspell:_Raging_Inferno,Domain of Flame,300,5
Mustafa:_Plegian_Champion,Def Tactic 3,240,4
Mycen:_Zofia's_Champion,Joint Close Guard,300,5
Myrrh:_Adored_Dragon,Darkling Dragon,300,5
Myrrh:_Great_Dragon,Hone Dragons,200,5
Myrrh:_Guardian_Dragon,Darkling Guard II,300,5
Myrrh:_Spooky_Monster,Armor March 3,240,5
Myrrh:_Spring_Harmony,Atk/Res Rein 3,240,5
Naesala:_Sea's_Shadow,Stall Ploy 3,240,5
Naesala:_Sky's_Shadow,Guard 3,200,4
Naga:_Harvest_Divinity,Atk/Res Rein 3,240,5
Naga:_Ruler_of_Dragons,Divine God Fang,300,5
Nagi:_Dragon_Avatar,Dragon Valor 3,120,4
Nagi:_Hopeful_Eternity,A/R Twin F Save,300,5
Nah:_Grateful_One,D/R Twin N Save,300,5
Nah:_Little_Miss,Infantry Breath 3,240,5
Nailah:_Hatari_Scorcher,Glare,300,5
Nailah:_Unflinching_Eye,Glare,300,5
Nanna:_Beloved_Princess,Atk/Spd Menace,300,5
Nanna:_Mystletainn_Scion,Atk Tactic 3,240,5
Nanna:_Nordion_Princess,Drive Def 2,240,4
Narcian:_Vernal_General,Lance Exp. 3,120,5
Narcian:_Wyvern_General,Savage Blow 3,200,5
Natasha:_Sacred_Healer,Close Guard 3,240,5
Navarre:_Scarlet_Ninja,Lull Spd/Def 3,240,4
Navarre:_Scarlet_Sword,Threaten Spd 3,200,4
Neimi:_Tearful_Archer,Joint Drive Res,300,5
Nel:_Stoic_Bride,Counter Roar 3,240,5
Nel:_Stoic_Dragon,Barricade,300,5
Nephenee:_Festival_Harmony,Spd/Res Crux,300,5
Nephenee:_Sincere_Dancer,Spd Tactic 3,240,5
Nergal:_Traitor_to_Nabata,Def/Res Oath 4,300,5
Nerþuz:_Beach_Chaperone,Beast Threaten,300,5
Nerþuz:_God_of_the_Land,Alarm Atk/Spd,300,5
Nerþuz:_New-Year_Doter,Spd Smoke 4,300,5
Niðavellir:_Founding_King,Seal Def/Res 3,300,5
Níðhöggr:_Daze_of_Healing,Higher Ground,300,5
Nifl:_God_of_Ice,Domain of Ice,300,5
Nifl:_Tropical_Ice_God,Domain of Ice,300,5
Niime:_Mountain_Hermit,Atk/Res Menace,300,5
Niles:_Cruel_to_Be_Kind,Spur Res 3,200,5
Niles:_Forbidden_Tease,Fortify Armor,200,4
Nils:_Bright_Bard,Infantry Pulse 3,240,5
Nils:_Snowflake_Melody,Spur Spd/Res 2,240,5
Nils:_Wandering_Star,Hone Dragons,200,5
Nina:_Eye_Spy,Bow Valor 3,120,4
Nina:_Shadowy_Figures,C Feud 3,240,4
Ninian:_Bright-Eyed_Bride,Drive Spd 2,240,4
Ninian:_Frozen_Heart,Cross Spur Atk,300,5
Ninian:_Ice-Dragon_Oracle,Blue Feud 3,240,5
Ninian:_Oracle_of_Destiny,Fortify Dragons,200,5
Nino:_Fang's_Heart,Fleeting Echo,—,5
Nino:_Flower_of_Frost,Armor March 3,240,5
Nino:_Pale_Flower,Spd Smoke 3,240,5
Nino:_Pious_Mage,Hone Atk 3,200,5
Nino:_Spirited_Sorcerer,Time's Pulse 4,300,5
Noah:_Mercenary-Errant,Alarm Spd/Def,300,5
Noire:_Demurely_Deft,Infantry Flash 3,240,4
Noire:_Shade_Seeker,Infantry Rush 3,240,5
Nomah:_Priest_of_Mila,Pulse Up: Ploy,300,5
Norne:_Seaside_Volunteer,Drive Spd 2,240,5
Norne:_The_Volunteer,Spd/Def Link 3,240,4
Nótt:_Moon's_Elegance,Atk/Spd Menace,300,5
Nowi:_Eternal_Witch,Hone Fliers,200,4
Nowi:_Eternal_Youth,Threaten Res 3,200,4
Nuibaba:_Mistress_of_Fear,Time Pulse Helm,300,5
Nyna:_The_Last_Princess,Drive Def 2,240,4
Nyx:_Rulebreaker_Mage,Null Follow-Up 3,240,4
Oboro:_Fierce_Bride-to-Be,Odd Pulse Tie 3,240,5
Oboro:_Fierce_Fighter,Threaten Res 3,200,5
Odin:_Potent_Force,R Tomebreaker 3,200,4
Ogier:_Ostia's_New_Blade,Close Call 3,240,5
Ogma:_Blade_on_Leave,Threat. Spd/Def 2,200,5
Ogma:_Loyal_Blade,Spur Atk 3,200,5
Oliver:_Admirer_of_Beauty,Atk Ploy 3,240,5
Olivia:_Blushing_Beauty,Hone Atk 3,200,4
Olivia:_Festival_Dancer,Blaze Dance 3,200,5
Olivia:_Sky-High_Dancer,Guidance 3,240,5
Olivia:_Wavecrest_Dancer,Atk/Spd Rein 3,240,4
Olwen:_Blue_Mage_Knight,Ward Cavalry,200,5
Olwen:_Righteous_Knight,G Tome Exp. 3,120,4
Ophelia:_Dramatic_Heroine,Chill Res 3,240,4
Ophelia:_Starlit_Maiden,Time's Pulse 3,240,4
Orochi:_Merry_Diviner,Atk/Res Link 3,240,4
Oscar:_Agile_Horseman,Spur Spd/Def 2,240,5
Osian:_Scolded_Soldier,Even Atk Wave 3,240,4
Oswin:_Impregnable_Knight,Odd Follow-Up 3,240,5
Owain:_Chosen_One,Spur Spd/Def 2,240,4
Owain:_Devoted_Defender,Wings of Mercy 3,240,5
Palla:_Eldest_Bun-Bun,Hone Fliers,200,5
Palla:_Eldest_Whitewing,Goad Fliers,200,4
Palla:_Kind_Eldest_Sister,Atk/Res Rein 3,240,4
Palla:_Sisterly_Trio,Goad Fliers,200,4
Pandreo:_Party_Priest,Drive Res 2,240,4
Panette:_Classy_Brawler,Panic Smoke 3,240,5
Panne:_Proud_Taguel,Def Smoke 3,240,4
Panne:_Welcoming_Dawn,Lull Spd/Def 3,240,5
Patty:_Youthful_Thief,Dull Ranged 3,240,5
Pelleas:_Ashnard's_Orphan,Atk/Res Oath 3,240,5
Pent:_Fancy_Fiancé,Pulse Smoke 3,240,5
Pent:_Mage_General,Time's Pulse 3,240,5
Peony:_Álfar_Dream_Duo,Joint Drive Atk,300,5
Peony:_Cherished_Dream,Atk Oath Echo,—,5
Peony:_Sweet_Dream,Cross Spur Res,300,5
Perceval:_Knightly_Ideal,Rouse Def/Res 3,240,5
Peri:_Playful_Slayer,Threaten Def 3,200,4
Perne:_Dacian_Scoundrel,Drive Spd 2,240,4
Petra:_Faraway_Sun,Spd/Def Crux,300,5
Petra:_Princess_of_Brigid,Ground Orders 3,240,5
Petrine:_Icy_Flame-Lancer,Threat. Atk/Def 2,200,4
Phila:_Pegasus_Master,Pegasus Flight 3,240,5
Phina:_Roving_Dancer,Geyser Dance 2,240,4
Plumeria:_Lewd_Dream,Atk/Res Hold,300,5
Plumeria:_Rapturous_Dream,Def/Res Ploy 3,300,5
Plumeria:_Spring_Dance,Shadow Smite 4,300,5
Plumeria:_Temptation_Anew,Atk/Def Rein 3,240,5
Priam:_Radiant_Hero,Rouse Spd/Def 4,300,5
Priscilla:_Delicate_Princess,Spur Def 3,200,5
Python:_Apathetic_Archer,B Tomebreaker 3,200,4
Quan:_Lightfoot_Prince,Joint Hone Def,300,5
Quan:_Luminous_Lancer,Drive Atk 2,240,4
Rafal:_Atoning_Dragon,A/R Twin N Save,300,5
Rafiel:_Blessed_Wings,Ward Beasts,200,5
Raigh:_Dark_Child,Seal Res 3,160,4
Raphael:_Muscle-Monger,Atk Smoke 3,240,5
Ratatoskr:_Mending_Hand,Mending Heart,300,5
Rath:_Wolf_of_Sacae,Def Smoke 3,240,5
Rebecca:_Breezy_Scamp,Null Follow-Up 3,240,4
Rebecca:_Wildflower,Seal Atk 3,160,5
Reginn:_Bearing_Dawn,Cross Spur Atk,300,5
Reginn:_Bearing_Hope,Panic Smoke 4,300,5
Reginn:_Dvergr_Heir,Shadow Shift 4,300,5
Reina:_Sanguine_Shinobi,Spd/Def Rein 3,240,5
Reinhardt:_Lightning's_Rondo,Joint Hone Atk,300,5
Reinhardt:_Thrud_Reborn,Def/Res Smoke 3,300,5
Reinhardt:_Thunder's_Fist,Goad Cavalry,200,5
Reinhardt:_Thunder's_Sword,Spur Atk/Def 2,240,5
"Rennac:_Rich_""Merchant""",Disarm Trap 3,240,4
Reyson:_White_Prince,Fortify Beasts,200,5
Rhajat:_Black_Magician,Savage Blow 3,200,4
Rhea:_Aura_of_Love,Lower Ground,300,5
Rhea:_Immaculate_One,D/R Near Save 3,300,4
Rhea:_Loving_Matriarch,True Dragon Wall,300,5
Rhea:_Witch_of_Creation,Dragon Wall 3,240,4
Rhys:_Gentle_Basker,Drive Res 2,240,4
Rickard:_Carefree_Culprit,Spd/Def Oath 3,240,5
Ricken:_Shepherd_Novice,Spur Atk/Spd 2,240,4
Riev:_Blood_Beryl,Savage Blow 3,200,4
Rinea:_Reminiscent_Belle,Fireflood Dance 2,240,4
Rinkah:_Consuming_Flame,Odd Tempest 3,240,5
Rinkah:_Scion_of_Flame,Even Def Wave 3,240,5
Robin:_Exalt's_Deliverer,Tip the Scales!,300,5
Robin:_Exalt's_Other_Half,Canto Control 3,240,4
Robin:_Exalt's_Right_Hand,Creation Pulse,300,5
Robin:_Fall_Reincarnation,A/R Near Save 3,300,5
Robin:_Fall_Vessel,Goad Dragons,200,4
Robin:_Fated_Vessel,Tip the Scales!,300,5
Robin:_Fell_Reincarnation,Ward Dragons,200,5
Robin:_Fell_Tactician,A/S Near Save 3,300,4
Robin:_Fell_Vessel,Spd/Res Rein 3,240,5
Robin:_Festive_Tactician,Armor March 3,240,4
Robin:_High_Deliverer,Spur Def 3,200,4
Robin:_Keen_Groom,Spd/Res Snag 3,240,5
Robin:_Mystery_Tactician,B Tomebreaker 3,200,4
Robin:_Seaside_Tactician,Lance Valor 3,120,4
Robin:_Tactful_Deliverer,A/D Far Save 3,300,5
Robin:_Vessels_of_Fate,Inf. Null Follow 4,300,5
Roderick:_Steady_Squire,Drive Def 2,240,5
Rolf:_Tricky_Archer,Odd Spd Wave 3,240,4
Ronan:_Villager_of_Iz,Joint Drive Spd,300,5
Rosado:_Adorable_Artist,Wyvern Rift,300,5
Roshea:_Coyote's_Faithful,Distant Guard 3,240,5
Ross:_His_Father's_Son,Threaten Def 3,200,5
Roy:_Blazing_Bachelors,Faith in Humanity,300,5
Roy:_Youthful_Gifts,Bow Valor 3,120,5
Rudolf:_Emperor_of_Rigel,Threat. Atk/Def 3,300,5
Rune:_Source_of_Wisdom,Pulse Up: Ploy,300,5
Rutger:_Lone_Swordsman,Vantage 3,200,5
Ryoma:_Dancing_Samurai,Spur Spd/Res 2,240,4
Ryoma:_Peerless_Samurai,Hone Spd 3,200,4
Ryoma:_Samurai_at_Ease,Odd Def Wave 3,240,4
Ryoma:_Supreme_Samurai,Atk/Spd Rein 3,240,5
Saber:_Driven_Mercenary,Shield Pulse 3,240,5
Saber:_Dune_Walker,Shield Pulse 3,240,5
Safy:_Font_of_Piety,Atk/Spd Ploy 3,300,5
Saias:_Bishop_of_Flame,Spd Ploy 3,240,4
Sain:_Green_Lance,Flow Refresh 3,240,4
Saizo:_Angry_Ninja,Spur Spd 3,200,5
Saizo:_Hoshido's_Flame,Def Smoke 3,240,4
Sakura:_Gentle_Nekomata,Dagger Valor 3,120,4
Sakura:_Hot-Spring_Healer,Spd Opening 3,240,5
Sakura:_In_Full_Bloom,Quiet Strength,300,5
Sakura:_Loving_Priestess,Fortify Def 3,200,5
Saleh:_Vernal_Sage,Rouse Atk/Res 3,240,5
Salem:_Dark_Sage,Sabotage Atk 3,240,5
Sanaki:_Apostle_in_White,Def/Res Link 3,240,5
Sanaki:_Dawnsworn_Ninja,Def/Res Ploy 3,300,5
Sara:_Lady_of_Loptr,Joint Drive Res,300,5
Saul:_Loving_Shepherd,Drive Res 2,240,4
Saul:_Minister_of_Love,Odd Recovery 3,240,4
Say'ri:_Righteous_Bride,S/D Rein Snap,300,5
Scáthach:_Astra's_Wake,Odd Def Wave 3,240,4
Seadall:_Misfortune-Teller,Inf. Null Follow 3,240,5
Sedgar:_Coyote's_Dutiful,Chill Def 3,240,4
Seiðr:_Goddess_of_Hope,Future-Focused,300,5
Seiðr:_Time's_Goddesses,Future-Sighted,300,5
Selena:_Admiring_General,A/R Far Trace 3,240,5
Selena:_Cutting_Wit,Threaten Spd 3,200,4
Selena:_Fluorspar,Atk/Res Ruse 3,240,4
Selena:_Sandbar_Fluorspar,Spd/Res Snag 3,240,4
Seliph:_Enduring_Legacy,Heir to Light,300,5
Seliph:_Heir_of_Light,Brash Assault 3,200,5
Seliph:_Light's_Legacy,The Heir to Light,300,5
Seliph:_Scion_of_Light,Joint Hone Def,300,5
Selkie:_Free_Spirit,Even Res Wave 3,240,4
Selkie:_New_Year's_Spirit,Odd Res Wave 3,240,5
Sephiran:_Hoary_Sovereign,Odd Recovery 3,240,4
Serra:_Outspoken_Cleric,Hone Atk 3,200,5
Seteth:_Seiros_Adherent,Drive Atk 2,240,5
Seth:_Silver_Knight,Seal Atk/Def 2,200,5
Seth:_Silver-Sea_Knight,Def Tactic 3,240,4
Setsuna:_Absent_Archer,Bowbreaker 3,200,4
Severa:_Bitter_Blossom,Joint Hone Atk,300,5
Severa:_Secret_Dreamer,Buffer 4,300,5
Shamir:_Archer_Apart,Rouse Atk/Spd 3,240,4
Shamir:_Heartbeats_United,Fatal Smoke 3,240,4
Shamir:_Lone-Moon_Ninja,Atk/Spd Oath 3,240,5
Shanna:_Bridal_Novice,Atk/Def Rein 3,240,5
Shanna:_Sprightly_Flier,Threaten Spd 3,200,5
Sharena:_Pillars_of_Peace,Forever Yours,300,5
Sharena:_Princess_of_Askr,Fortify Def 3,200,5
Sharena:_Spring_Princess,Res Tactic 3,240,4
Shez:_Dual_Sword_Master,Pulse Smog,300,5
Shez:_Keen_Mercenary,Dull Close 3,240,4
Shez:_Mercenary_Shade,Chill Def 3,240,4
Shez:_Mercenary_Shine,Atk/Def Menace,300,5
Shez:_Rising_Mercenary,Atk/Spd Oath 4,300,5
Shez:_Sharpest_Blades,Atk/Spd Oath 4,300,5
Shez:_Snowfield_Envoy,Pulse Smog,300,5
Shigure:_Dark_Sky_Singer,B Tome Valor 3,120,4
Shinon:_Sharptongue_Ninja,Lull Spd/Def 3,240,4
Sigrun:_Steadfast_Bride,Air Orders 3,240,5
Sigurd:_Destined_Duo,Joint Hone Res,300,5
Sigurd:_Fated_Holy_Knight,Fatal Smoke 3,240,4
Sigurd:_Of_the_Holy_War,Fatal Smoke 4,300,5
Sigurd:_Proper_Pourer,Seal Res 4,300,5
Silas:_Loyal_Knight,Even Def Wave 3,240,5
Silque:_Adherent_of_Mila,Staff Exp. 3,120,4
Silque:_Selfless_Cleric,Spd Opening 3,240,4
Silvia:_Traveling_Dancer,Deluge Dance 2,240,4
Sirius:_Mysterious_Knight,Lull Atk/Spd 3,240,5
Soleil:_Adorable_Adorer,Drive Res 2,240,4
Sonia:_Inhuman_Beauty,Threat. Atk/Res 2,200,4
Sonya:_Beautiful_Mage,Atk/Res Ploy 3,300,5
Sonya:_Dazzling_Rabbits,Spd/Res Hold,300,5
Sophia:_Cobweb_Prophet,Sabotage Res 3,240,5
Sophia:_Nabata_Prophet,Fortify Res 3,200,4
Sophia:_Prescient_Bride,Atk/Res Hold,300,5
Soren:_Addled_Strategist,Res Opening 3,240,5
Soren:_Hushed_Voice,Time's Pulse 3,240,4
Soren:_Radiant_Confidant,Time's Pulse 4,300,5
Soren:_Shrewd_Strategist,Fortify Res 3,200,4
Soren:_Wind_of_Tradition,Infantry Breath 3,240,5
Sothe:_Dawning_Zephyr,Atk/Spd Pledge,300,5
Sothe:_Rushing_Dawn,Atk/Def Rein 3,240,5
Sothe:_Zephyr,Spur Atk/Spd 2,240,5
Sothis:_Bound-Spirit_Duo,Atk/Spd Rein 3,240,4
Sothis:_Girl_on_the_Throne,Time's Pulse 3,240,5
Sothis:_Silver_Specter,Threat. Atk/Res 3,300,5
Stahl:_Viridian_Knight,Obstruct 3,200,5
Subaki:_Perfect_Expert,Quick Riposte 3,240,5
Sue:_Doe_of_the_Plains,Hone Spd 4,300,5
Sumia:_Maid_of_Flowers,Atk/Def Link 3,240,5
Surtr:_Pirate_of_Red_Sky,Surtr's Portent,300,5
Surtr:_Ruler_of_Flame,Surtr's Menace,300,5
Sylvain:_Consummate_Flirt,Spur Atk/Def 2,240,4
Sylvain:_Hanging_with_Tens,Rouse Atk/Def 3,240,5
Sylvain:_Spring_Flingster,S/D Near Trace 4,300,5
Syrene:_Graceful_Rider,Pegasus Flight 4,300,5
Tailtiu:_Teatime_Mingler,Drive Atk 2,240,4
Tailtiu:_Thunder_Noble,Drive Spd 2,240,4
Takumi:_Empty_Vessel,Spd Smoke 3,240,5
Takumi:_Prince_at_Play,Odd Res Wave 3,240,5
Takumi:_Prince_of_Soup,Bowbreaker 3,200,4
Takumi:_Troubled_Heart,A/S Far Save 3,300,5
Takumi:_Wild_Card,Threaten Spd 3,200,5
Takumi:_Wishful_Spark,Rouse Atk/Spd 3,240,4
Tana:_Frelian_Starlight,Atk/Spd Rein 3,240,4
Tana:_Noble_and_Nimble,Spur Atk/Def 2,240,5
Tana:_Soaring_New_Year,S/D Rein Snap,300,5
Tana:_Soaring_Princess,Guidance 4,300,5
Tana:_Soothing_Warmth,Spd/Def Hold,300,5
Tana:_Winged_Princess,Guidance 3,240,5
Tanith:_Bright_Blade,Flier Formation 3,240,4
Tanith:_Forthright_Heart,Fortify Fliers,200,4
Tanya:_Dagdar's_Kid,Spur Spd/Res 2,240,4
Tatiana:_Devoted_Saint,Atk Opening 3,240,5
Tethys:_Beloved_Dancer,Dagger Exp. 3,120,5
Tethys:_Dancing_Sands,Guidance 3,240,4
"Tharja:_""Normal_Girl""",R Tome Valor 3,120,4
Tharja:_Beach_Dark_Mage,Atk/Spd Gap 3,240,4
Tharja:_Dark_Shadow,Spur Res 3,200,5
Tharja:_Florid_Charmer,Spd/Res Rein 3,240,5
Tharja:_Obsessive_Bride,Spd Feint 3,240,5
Tharja:_Shadow_Ninja,Def/Res Smoke 3,300,5
Thea:_Stormy_Flier,Seal Spd/Def 2,200,5
Thea:_Wings_of_Winter,Air Orders 4,300,5
Thórr:_Sun-Kissed_Gods,Worldbreaker,300,5
Thórr:_War_God,Worldbreaker+,300,5
Thrasir:_Omnicidal_Witch,Panic Smoke 3,240,4
Tibarn:_Lord_of_the_Air,Even Atk Wave 3,240,4
Tibarn:_Shipless_Pirate,Atk Smoke 3,240,4
Tiki:_Awakened_Blood,All Together!,300,5
Tiki:_Beachside_Scion,Dragon Valor 3,120,5
Tiki:_Bridal_Reflections,A/R Far Save 3,300,4
Tiki:_Dragon's_Progeny,Res Scowl Echo,—,5
Tiki:_Fated_Divinity,Def/Res Menace,300,5
Tiki:_Harmonic_Hope,With Everyone!,300,5
Tiki:_Summering_Scion,Axe Valor 3,120,4
Tiki:_Torpid_Dragon,Solitary Dream,300,5
Timerra:_Desert_Warrior,Time Pulse Echo,—,5
Timerra:_Trick_or_Meat,Time's Pulse 4,300,5
Tina:_Playful_Scamp,Infantry Pulse 4,300,5
Tine:_Determined_Bride,S/R Far Trace 4,300,5
Tine:_Rumbling_Thunder,Blue Feud 3,240,5
Titania:_Warm_Knight,Atk/Res Link 3,240,4
Tobin:_The_Clueless_One,Seal Spd 3,160,5
Tormod:_Indomitable_Will,Spd/Res Gap 3,240,4
Travant:_King_of_Thracia,Flier Guidance 3,240,5
Triandra:_Nightmare,Spd/Res Rein 3,240,5
Triandra:_Reverent_Dream,Death Blow Echo,—,5
Triandra:_Sunlit_Nightmare,Def/Res Hold,300,5
Tsubasa:_Madcap_Idol,Hone Fliers,200,4
Ullr:_The_Bowmaster,Atk/Spd Oath 4,300,5
Ursula:_Blackened_Crow,Def/Res Smoke 3,300,5
Ursula:_Clear-Blue_Crow,Even Res Wave 3,240,4
Ursula:_Royal-Blue_Crow,Panic Smoke 4,300,5
Uther:_Frugal_Militarist,Def Tactic 3,240,4
Vaida:_Dracofang_General,Atk/Def Rein 3,240,5
Vaike:_Sunbaked_Stunner,Atk/Def Link 3,240,4
Valbar:_Open_and_Honest,Obstruct 3,200,5
Validar:_Fell_Architect,Atk Ploy 3,240,4
Vanessa:_Dutiful_Rider,Spd/Res Oath 3,240,4
Veld:_Manfroy's_Rock,Res Opening 3,240,5
Velouria:_Renewed_Wolfpup,Null Follow-Up 3,240,4
Velouria:_Wolf_Cub,Ward Beasts,200,4
Veronica:_Bestowed_Love,Chill Spd 3,240,5
Veronica:_Brave_Princess,Close Guard 3,240,4
Veronica:_Harmonic_Pirates,Atk/Def Gap 3,240,4
Veronica:_Princess_Rising,Panic Smoke 4,300,5
Veronica:_Spring_Princess,Chill Res 3,240,4
Veyle:_Fell_Successor,Fell Successor,300,5
Veyle:_Gentle_Dragon,Fell Protection,300,5
Veyle:_Spring_Tranquility,Fell Majesty,300,5
Vigarde:_Silent_Emperor,Wary Fighter 3,240,4
Vigarde:_Warmhearted_Sire,Even Follow-Up 3,240,5
Vika:_Sea-Dark_Wing,Sabotage Atk 3,240,5
Volke:_Man_of_Mysteries,Time's Pulse 3,240,5
Vyland:_Coyote's_Justice,Atk/Def Link 3,240,4
Walhart:_The_Conqueror,Chill Def 3,240,5
Wil:_Unequaled_Archer,Distant Guard 3,240,5
Wolf:_Coyote's_Loyal,Panic Smoke 3,240,5
Wolt:_Sunbeam_Archer,Chill Spd 3,240,4
Wrys:_Kindly_Priest,Live to Serve 3,160,5
Xander:_Dancing_Knight,Odd Def Wave 3,240,5
Xander:_Focused_Firstborn,Lull Atk/Def 3,240,5
Xander:_Gallant_King,C Feud 3,240,4
Xander:_Paragon_Knight,Spur Def 3,200,5
Xander:_Spring_Prince,Fortify Def 3,200,4
Xander:_Student_Swimmer,Infantry Pulse 3,240,5
Xane:_Autumn_Trickster,Inf. Hexblade 3,240,4
Xane:_Desert_Mirage,Dazzling Staff 3,240,4
Xane:_Fickle_Dragon,Infantry Pulse 3,240,4
Yarne:_Hoppy_New_Year,Threat. Atk/Spd 2,200,4
Yarne:_Trick_or_Taguel,Rouse Spd/Def 3,240,4
Yen'fay:_Blade_Legend,Threat. Atk/Def 2,200,4
Ylgr:_Breaking_the_Ice,Even Def Wave 3,240,4
Ylgr:_Fresh_Snowfall,Spd Tactic 3,240,5
Ymir:_Life-Mother,Everliving Domain,300,5
Ymir:_Seasons_of_Life,Everliving Domain,300,5
Yukimura:_Puppet_Master,Sabotage A/D 3,300,5
Yuliya:_Princess_of_Grust,Atk/Def Gap 3,240,4
Yunaka:_Hidden_Mask,Active Lookout,300,5
Yunaka:_Spirited_Envoy,Fatal Smoke 4,300,5
Yuri:_Ashen_Valiant,Time's Pulse 3,240,4
Yuri:_Underground_Lord,Fetters of Dromi,300,5
Zeiss:_Ebon_Bolt,Air Orders 3,240,4
Zeke:_Past_Unknown,Def/Res Menace,300,5
Zelestia:_Loving_Leader,Atk/Spd Rein 3,240,5
Zelgius:_Ninja_Knight,Assault Troop 3,240,4
Zelot:_Avowed_Groom,Drive Atk 2,240,5
Zephia:_Scheming_Dragon,Windsweep 3,240,5
Zephiel:_The_Liberator,Wary Fighter 3,240,4
Zephiel:_Winter's_Crown,Def/Res Gap 3,240,4
Zihark:_Ninja_Blademaster,Spd/Def Gap 3,240,4
Þjazi:_Ruthless_Jötun,A/D Twin N Save,300,5
